name,phone,nickName,email,work
Bevan,742-811-1587,bhicks0,bsutherel0@whitehouse.gov,Cost Accountant
Ardella,426-918-1713,aberge1,aarton1@ocn.ne.jp,Account Executive
Selma,595-602-1310,stillman2,sfry2@google.com.hk,GIS Technical Architect
Shane,248-894-3410,sdoget3,scubbini3@imdb.com,Senior Developer
Elnore,107-231-3055,ebarnardo4,ebrevitt4@discovery.com,Dental Hygienist
Adan,911-442-4491,avandenvelden5,amaffia5@pbs.org,Marketing Manager
Rowney,384-869-6153,rcamplejohn6,rmaestro6@w3.org,Account Executive
Aubrie,466-892-2535,alawerence7,awerrilow7@4shared.com,Associate Professor
Scotty,573-768-8245,sralphs8,sbruntjen8@disqus.com,Media Manager IV
Netty,642-998-4614,ninseal9,nkenneford9@europa.eu,Legal Assistant
Breanne,474-320-9269,bpicka,bhearona@rediff.com,Computer Systems Analyst IV
Zara,972-398-6104,zhutchinsonb,ztuneb@sbwire.com,VP Marketing
Lise,870-267-9512,lmatejovskyc,lwengerc@google.com.hk,General Manager
Jolee,761-826-8338,jmateikod,jwestcarrd@networksolutions.com,Marketing Assistant
Alberto,871-926-0987,aragote,alundberge@homestead.com,GIS Technical Architect
Antonella,373-484-3641,ablowersf,ahynef@cornell.edu,Nuclear Power Engineer
Timmy,186-431-4389,tbumg,twinterburng@vistaprint.com,Administrative Officer
Adaline,415-153-1724,athoumassonh,ajaquesth@ycombinator.com,Electrical Engineer
Courtney,218-236-0005,cbindleyi,chawkswoodi@cnet.com,Associate Professor
Jehu,265-798-8559,jpenlingtonj,jperottj@yahoo.co.jp,Systems Administrator IV
Elfrieda,768-267-8251,ebernadek,erumfordk@photobucket.com,Senior Quality Engineer
Gasper,172-715-0829,gcrumleyl,gbraaml@blinklist.com,Staff Scientist
Wheeler,620-766-4807,wfoddym,wvennerm@cisco.com,Structural Analysis Engineer
Sunny,702-670-9702,sdominighin,sbudgeonn@dailymotion.com,Compensation Analyst
Aurilia,871-957-2122,ahallowello,awhaleyo@ocn.ne.jp,Nurse Practicioner
Sioux,177-843-8621,sfellenorp,sbrusinp@ed.gov,Senior Developer
Jarid,914-779-1542,jgallafantq,jhourihanq@squarespace.com,Analyst Programmer
Colline,438-467-3043,cadamthwaiter,cheavyr@tuttocitta.it,Food Chemist
Ulrich,872-509-5443,usowrays,ubohikes@seattletimes.com,Research Nurse
Lynnett,241-160-0437,ltschierscht,lguilaemt@ask.com,VP Quality Control
